"player","team","G","GS","MP","FG","FGA","3P","3PA","FT","FTA","ORB","DRB","AST","STL","BLK","TOV","PF","PTS","height","weight","college","birth_year","birth_state"
"A.J. Hammons","DAL",22,0,163,17,42,5,10,9,20,8,28,4,1,13,10,21,48,198,99,NA,1993,NA
"Aaron Brooks","IND",65,0,894,121,300,48,128,32,40,18,51,125,25,9,66,93,322,183,73,"University of Oregon",1985,"Washington"
"Aaron Gordon","ORL",80,72,2298,393,865,77,267,156,217,116,289,150,64,40,89,172,1019,206,99,"University of Arizona",1995,"California"
"Aaron Harrison","CHO",5,0,17,0,4,0,2,1,2,0,3,3,0,0,0,2,1,198,95,"University of Kentucky",1994,"Texas"
"Adreian Payne","MIN",18,0,135,23,54,3,15,14,19,9,24,7,8,7,8,32,63,208,107,"Michigan State University",1991,"Ohio"
"Al Horford","BOS",68,68,2193,379,801,86,242,108,135,95,369,337,52,87,116,138,952,208,111,"University of Florida",1986,"Dominican Republic"
"Al Jefferson","IND",66,1,931,235,471,0,1,65,85,75,203,57,19,16,33,125,535,208,131,NA,1985,"Mississippi"
"Al-Farouq Aminu","POR",61,25,1773,183,466,70,212,96,136,77,374,99,60,44,94,102,532,206,99,"Wake Forest University",1990,"Georgia"
"Alan Anderson","LAC",30,0,308,30,80,14,44,12,16,3,21,11,3,0,7,35,86,198,99,"Michigan State University",1982,"Minnesota"
"Alan Williams","PHO",47,0,708,138,267,0,1,70,112,94,198,23,27,32,37,125,346,NA,NA,NA,NA,NA
"Alec Burks","UTA",42,0,653,99,248,25,76,60,78,17,103,30,18,5,35,50,283,198,97,"University of Colorado",1991,"Missouri"
"Alex Abrines","OKC",68,6,1055,134,341,94,247,44,49,18,68,40,37,8,33,114,406,198,86,NA,1993,"Spain"
"Alex Len","PHO",77,34,1560,230,463,3,12,150,208,156,354,44,37,98,102,242,613,216,117,"University of Maryland",1993,"Ukraine"
"Alex Poythress","PHI",6,1,157,25,54,6,19,8,10,11,18,5,3,2,3,14,64,201,107,"University of Kentucky",1993,"Georgia"
"Alexis Ajinca","NOP",39,15,584,89,178,0,4,29,40,46,131,12,20,22,31,77,207,218,112,NA,1988,"France"
"Allen Crabbe","POR",79,7,2254,303,647,134,302,105,124,19,206,93,54,20,62,171,845,198,95,"University of California",1992,"California"
"Alonzo Gee","DEN",13,0,89,3,14,0,3,5,9,4,11,6,5,1,4,14,11,198,102,"University of Alabama",1987,"Florida"
"Amir Johnson","BOS",80,77,1608,213,370,27,66,67,100,117,248,140,52,62,77,211,520,206,108,NA,1987,"California"
"Anderson Varejao","GSW",14,1,92,5,14,0,0,8,11,12,15,10,3,3,8,16,18,208,123,NA,1982,"Brazil"
"Andre Drummond","DET",81,81,2409,483,911,2,7,137,355,345,771,89,124,89,152,237,1105,211,126,"University of Connecticut",1993,"New York"
"Andre Iguodala","GSW",76,0,1998,219,415,64,177,72,102,51,253,262,76,39,58,97,574,198,97,"University of Arizona",1984,"Illinois"
"Andre Roberson","OKC",79,79,2376,215,463,45,184,47,111,98,304,79,94,79,51,204,522,NA,NA,NA,NA,NA
"Andrew Bogut","DAL",27,21,583,38,81,0,1,3,11,56,162,49,13,25,43,86,79,213,117,"University of Utah",1984,"Australia"
"Andrew Harrison","MEM",72,18,1474,117,360,43,156,148,194,23,113,198,54,20,85,194,425,198,96,"University of Kentucky",1994,"Texas"
"Andrew Nicholson","WAS",38,0,342,43,111,5,27,9,14,15,46,10,16,6,17,55,100,206,113,"St. Bonaventure University",1989,"Canada"
"Andrew Wiggins","MIN",82,82,3048,709,1570,103,289,412,542,103,226,189,82,30,187,183,1933,203,90,"University of Kansas",1995,"Canada"
"Anthony Bennett","BRK",23,1,264,38,92,13,48,26,36,25,53,12,5,3,12,18,115,203,111,"University of Nevada, Las Vegas",1993,"Canada"
"Anthony Brown","NOP",11,0,159,18,50,7,27,0,0,8,25,8,5,1,6,15,43,206,111,"DePaul University",1981,"Illinois"
"Anthony Davis","NOP",75,75,2708,770,1527,40,134,519,647,174,712,157,94,167,181,168,2099,NA,NA,NA,NA,NA
"Anthony Morrow","OKC",49,7,714,98,252,41,133,34,37,12,19,25,24,2,6,44,271,196,95,"Georgia Institute of Technology",1985,"North Carolina"
"Anthony Tolliver","SAC",65,9,1477,155,351,90,230,61,82,51,188,77,33,20,56,109,461,203,108,"Creighton University",1985,"Missouri"
"Archie Goodwin","BRK",15,0,214,36,66,5,15,33,42,7,21,24,4,5,14,8,110,196,90,"University of Kentucky",1994,"Arkansas"
"Arinze Onuaku","ORL",8,0,28,2,4,0,0,0,0,2,4,2,0,1,2,3,4,206,115,"Syracuse University",1987,"Maryland"
"Aron Baynes","DET",75,2,1163,143,279,0,0,79,94,111,222,32,17,39,50,166,365,208,117,"Washington State University",1986,"New Zealand"
"Arron Afflalo","SAC",61,45,1580,185,420,62,151,83,93,9,116,78,21,7,42,104,515,196,95,"University of California, Los Angeles",1985,"California"
"Austin Rivers","LAC",74,29,2054,323,731,111,299,132,191,20,141,204,48,10,115,187,889,193,90,"Duke University",1992,"California"
"Avery Bradley","BOS",55,55,1835,359,775,108,277,68,93,65,269,121,68,11,88,141,894,188,81,"University of Texas at Austin",1990,"Washington"
"Axel Toupane","MIL",4,0,47,5,9,1,4,0,0,0,1,0,1,1,0,6,11,201,89,NA,1992,"France"
"Ben Bentil","DAL",3,0,10,0,3,0,1,0,0,0,2,0,0,0,1,1,0,206,106,"Providence College",1995,NA
"Ben McLemore","SAC",61,26,1176,180,419,65,170,70,93,19,111,51,29,6,62,108,495,196,88,"University of Kansas",1993,"Missouri"
"Beno Udrih","DET",39,0,560,92,197,11,32,32,34,6,51,131,13,0,37,29,227,190,92,NA,1982,"Slovenia"
"Bismack Biyombo","ORL",81,27,1793,179,339,0,0,125,234,157,410,74,25,91,95,202,483,206,115,NA,1992,"Democratic Republic of the Congo"
"Blake Griffin","LAC",61,61,2076,479,971,38,113,320,421,111,385,300,58,23,142,157,1316,208,113,"University of Oklahoma",1989,"Oklahoma"
"Boban Marjanovic","DET",35,0,293,72,132,0,0,47,58,46,84,9,6,12,10,25,191,221,131,NA,1988,"Serbia"
"Bobby Brown","HOU",25,0,123,23,60,14,35,2,2,0,6,14,1,0,5,5,62,NA,NA,NA,NA,NA
"Bobby Portis","CHI",64,13,1000,183,375,32,96,39,59,75,221,35,16,11,37,94,437,211,104,"University of Arkansas",1995,"Arkansas"
"Bojan Bogdanovic","BRK",81,54,2083,376,845,144,392,217,243,37,240,111,34,7,130,146,1113,198,92,NA,1992,"Serbia"
"Boris Diaw","UTA",73,33,1283,146,327,20,81,26,35,46,112,170,18,9,87,83,338,203,113,NA,1982,"France"
"Bradley Beal","WAS",77,77,2684,637,1322,223,552,282,342,53,186,267,83,21,157,169,1779,196,93,"University of Florida",1993,"Missouri"
"Brandan Wright","MEM",28,5,447,83,135,0,1,23,35,31,47,15,11,20,10,42,189,NA,NA,NA,NA,NA
"Brandon Bass","LAC",52,0,577,107,186,1,3,77,88,43,86,21,14,11,29,45,292,203,113,"Louisiana State University",1985,"Louisiana"
"Brandon Ingram","LAL",79,40,2279,276,686,55,187,133,214,60,257,166,50,36,116,158,740,206,86,"Duke University",1997,"North Carolina"
"Brandon Jennings","NYK",81,13,1802,192,535,79,252,114,152,29,167,395,70,5,128,116,577,185,77,NA,1989,"California"
"Brandon Knight","PHO",54,5,1140,209,525,45,139,132,154,25,93,130,27,5,89,87,595,178,78,"Stanford University",1975,"New Jersey"
"Brandon Rush","MIN",47,33,1030,70,187,44,114,13,18,16,83,45,22,23,28,42,197,198,99,"University of Kansas",1985,"Missouri"
"Brian Roberts","CHO",41,2,416,46,122,17,44,33,39,5,34,52,9,1,26,18,142,185,78,"University of Dayton",1985,"Ohio"
"Briante Weber","CHO",20,0,205,25,60,1,10,11,16,8,18,21,12,1,8,16,62,188,74,"Virginia Commonwealth University",1992,"Virginia"
"Brice Johnson","LAC",3,0,9,2,7,0,0,0,0,1,2,1,2,1,1,0,4,208,95,"University of Utah",1979,"Utah"
"Brook Lopez","BRK",75,75,2222,555,1172,134,387,295,364,121,282,176,38,124,184,192,1539,213,124,"Stanford University",1988,"California"
"Bruno Caboclo","TOR",9,0,40,6,16,2,6,0,0,5,5,4,2,1,2,4,14,206,98,NA,1995,"Brazil"
"Bryn Forbes","SAS",36,0,285,36,99,17,53,5,6,2,21,23,1,0,11,20,94,190,86,"Michigan State University",1993,"Michigan"
"Buddy Hield","NOP",82,55,1888,327,768,148,379,64,76,35,234,121,38,9,101,115,866,193,97,"University of Oklahoma",1993,"Bahamas"
"C.J. McCollum","POR",80,80,2796,692,1441,185,440,268,294,60,231,285,72,42,172,202,1837,190,86,NA,1991,NA
"C.J. Miles","IND",76,29,1776,281,647,169,409,84,93,30,199,48,46,25,40,151,815,185,79,NA,1983,NA
"C.J. Watson","ORL",62,9,1012,96,248,32,105,57,66,16,73,114,43,2,47,84,281,211,117,NA,1984,NA
"C.J. Wilcox","ORL",22,0,108,8,31,3,15,2,2,4,8,12,2,1,6,8,21,203,90,NA,1995,NA
"Cameron Payne","OKC",31,0,462,64,193,27,86,5,8,3,45,55,14,5,29,52,160,190,83,"Murray State University",1994,"Tennessee"
"Caris LeVert","BRK",57,26,1237,171,380,59,184,67,93,23,165,110,49,8,59,91,468,201,92,"University of Michigan",1994,"Ohio"
"Carmelo Anthony","NYK",74,74,2538,602,1389,151,421,304,365,62,374,213,60,34,153,198,1659,203,108,"Syracuse University",1984,"New York"
"Chandler Parsons","MEM",34,34,675,75,222,25,93,35,43,6,78,55,20,5,24,52,210,208,104,"University of Florida",1988,"Florida"
"Channing Frye","CLE",74,15,1398,238,520,137,335,63,74,37,253,45,33,37,53,138,676,211,115,"University of Arizona",1983,"New York"
"Chasson Randle","NYK",26,0,299,40,98,16,47,41,43,6,26,34,9,2,19,39,137,188,83,"Stanford University",1993,"Illinois"
"Cheick Diallo","NOP",17,0,199,36,76,0,0,15,21,23,50,4,4,7,7,17,87,206,99,"University of Kansas",1996,"Mali"
"Chinanu Onuaku","HOU",5,1,52,5,7,0,0,4,4,2,8,3,3,1,4,6,14,208,111,"University of Louisville",1996,"Maryland"
"Chris Andersen","CLE",12,0,114,9,22,0,3,10,14,9,22,5,5,7,5,20,28,208,111,"Blinn College",1978,"California"
"Chris McCullough","BRK",16,0,80,16,32,1,7,3,5,9,10,2,2,2,3,7,36,211,90,"Syracuse University",1995,"New York"
"Chris Paul","LAC",61,61,1921,374,785,124,302,232,260,41,263,563,118,8,147,146,1104,183,79,"Wake Forest University",1985,"North Carolina"
"Christian Wood","CHO",13,0,107,12,23,0,5,11,15,14,15,2,3,6,7,11,35,211,99,"University of Nevada, Las Vegas",1995,"California"
"Clint Capela","HOU",65,59,1551,362,563,0,0,94,177,178,348,64,34,80,87,179,818,206,98,NA,1995,NA
"Cody Zeller","CHO",62,58,1725,253,443,0,1,133,196,135,270,99,62,58,65,189,639,213,108,"Indiana University",1992,"Indiana"
"Cole Aldrich","MIN",62,0,531,45,86,0,0,15,22,51,107,25,25,23,17,85,105,211,113,"University of Kansas",1988,"Minnesota"
"Corey Brewer","HOU",82,11,1281,147,348,27,118,50,68,32,134,97,61,19,55,133,371,206,84,"University of Florida",1986,"Tennessee"
"Cory Joseph","TOR",80,22,2003,299,661,48,135,94,122,51,184,265,66,13,108,140,740,190,87,"University of Texas at Austin",1991,"Canada"
"Courtney Lee","NYK",77,74,2459,321,704,108,269,85,98,53,207,179,81,23,69,141,835,196,90,"Western Kentucky University",1985,"Indiana"
"Cristiano Felicio","CHI",66,0,1040,128,222,0,0,60,93,124,187,40,25,16,33,110,316,208,124,NA,1992,"Brazil"
"D.J. Augustin","ORL",78,20,1538,195,517,95,274,131,161,15,102,209,31,1,90,101,616,206,106,NA,1988,NA
"D'Angelo Russell","LAL",63,60,1811,351,867,135,384,147,188,31,191,303,87,16,176,130,984,188,86,NA,1994,NA
"Dahntay Jones","CLE",1,0,12,3,8,0,2,3,4,1,1,1,0,0,1,1,9,190,83,"University of Houston",1976,"Texas"
"Damian Jones","GSW",10,0,85,8,16,0,0,3,10,9,14,0,1,4,6,15,19,190,83,"University of Houston",1976,"Texas"
"Damian Lillard","POR",75,75,2694,661,1488,214,578,488,545,46,322,439,68,20,197,152,2024,190,88,"Weber State University",1990,"California"
"Damjan Rudez","ORL",45,0,314,31,88,20,64,0,0,5,20,20,12,1,9,31,82,208,103,NA,1986,"Croatia"
"Daniel Ochefu","WAS",19,0,75,12,27,0,0,0,2,5,17,3,2,0,3,17,24,211,111,"Villanova University",1993,"Maryland"
"Danilo Gallinari","DEN",63,63,2134,335,750,126,324,349,387,39,287,135,40,15,81,93,1145,208,102,NA,1988,"Italy"
"Danny Green","SAS",68,68,1807,176,449,118,311,27,32,31,193,124,71,58,76,120,497,NA,NA,NA,NA,NA
"Dante Cunningham","NOP",66,35,1649,174,359,71,181,16,27,56,221,36,39,28,28,100,435,203,104,"Villanova University",1987,"Maryland"
"Dante Exum","UTA",66,26,1228,155,363,44,149,58,73,30,102,112,21,12,80,146,412,198,86,NA,1995,"Australia"
"Danuel House","WAS",1,0,1,0,0,0,0,0,0,0,1,0,0,0,0,0,0,201,93,"Texas A&M University",1993,"Texas"
"Dario Saric","PHI",81,36,2129,381,927,106,341,172,220,112,401,182,57,30,183,162,1040,208,101,NA,1994,"Croatia"
"Darrell Arthur","DEN",41,7,639,95,215,53,117,19,22,25,87,42,19,21,36,76,262,206,106,"University of Kansas",1988,"Texas"
"Darren Collison","SAC",68,64,2063,340,714,73,175,147,171,23,130,312,67,9,114,119,900,183,79,"University of California, Los Angeles",1987,"California"
"Darrun Hilliard","DET",39,1,381,47,126,12,46,21,28,2,31,33,11,2,28,39,127,198,92,"Villanova University",1993,"Pennsylvania"
"David Lee","SAS",79,10,1477,248,420,0,0,80,113,148,292,124,31,40,82,125,576,NA,NA,NA,NA,NA
"David Nwaba","LAL",20,2,397,47,81,1,5,25,39,16,46,14,13,7,11,36,120,193,94,"California Polytechnic State University, San Luis Obispo",1993,"California"
"David West","GSW",68,0,854,135,252,3,8,43,56,47,156,151,42,48,78,105,316,206,113,"Xavier University",1980,"New Jersey"
"Davis Bertans","SAS",67,6,808,103,234,69,173,28,34,22,77,46,20,28,32,75,303,208,95,NA,1992,"Latvia"
"DeAndre Jordan","LAC",81,81,2570,412,577,0,2,205,425,297,817,96,52,135,116,212,1029,211,120,"Texas A&M University",1988,"Texas"
"DeAndre Liggins","CLE",62,19,777,55,142,17,46,25,40,20,88,54,47,14,42,81,152,198,94,"University of Kentucky",1988,"Illinois"
"DeAndre' Bembry","ATL",38,1,371,47,98,1,18,6,16,14,45,28,8,5,16,21,101,198,95,"Saint Joseph's University",1994,"North Carolina"
"Dejounte Murray","SAS",38,8,322,50,116,9,23,21,30,6,36,48,8,6,38,29,130,196,77,"University of Washington",1996,"Washington"
"Delon Wright","TOR",27,0,446,49,116,10,30,42,55,16,32,57,27,11,25,31,150,196,83,"University of Utah",1992,"California"
"DeMar DeRozan","TOR",74,74,2620,721,1545,33,124,545,647,70,316,290,78,13,180,134,2020,201,100,"University of Southern California",1989,"California"
"DeMarcus Cousins","SAC",72,72,2465,647,1433,131,364,517,670,153,644,332,100,92,269,278,1942,211,122,"University of Kentucky",1990,"Alabama"
"DeMarre Carroll","TOR",72,72,1882,220,549,109,320,89,117,63,212,74,81,27,54,143,638,203,97,"University of Missouri",1986,"Alabama"
"Demetrius Jackson","BOS",5,0,17,3,4,1,1,3,6,2,2,3,0,0,0,0,10,185,91,"University of Notre Dame",1994,"Indiana"
"Dennis Schroder","ATL",79,78,2485,548,1215,100,294,218,255,42,206,499,74,16,258,149,1414,185,78,NA,1993,"Germany"
"Denzel Valentine","CHI",57,0,976,102,288,73,208,14,18,11,140,63,30,7,49,86,291,198,96,"Michigan State University",1993,"Michigan"
"Deron Williams","DAL",64,44,1657,263,600,85,234,90,109,14,133,360,31,8,138,138,701,190,90,"University of Illinois at Urbana-Champaign",1984,"West Virginia"
"Derrick Favors","UTA",50,39,1186,203,417,3,10,67,109,92,213,56,45,40,60,103,476,208,120,"Georgia Institute of Technology",1991,"Georgia"
"Derrick Jones","PHO",32,8,545,68,121,3,11,29,41,39,40,12,14,13,13,63,168,203,100,"University of Miami",1990,"Georgia"
"Derrick Rose","NYK",64,64,2082,460,977,13,60,221,253,66,180,283,44,17,147,84,1154,190,86,"University of Memphis",1988,"Illinois"
"Derrick Williams","MIA",50,11,804,108,244,30,97,58,89,19,111,28,14,7,28,60,304,190,90,"University of Illinois at Urbana-Champaign",1984,"West Virginia"
"Devin Booker","PHO",78,78,2730,606,1431,147,405,367,441,46,203,268,72,21,241,242,1726,198,93,"University of Kentucky",1996,"Michigan"
"Devin Harris","DAL",65,0,1087,136,341,58,177,107,129,11,116,136,43,7,57,101,437,190,87,"University of Wisconsin",1983,"Wisconsin"
"Dewayne Dedmon","SAS",76,37,1330,161,259,0,0,65,93,129,366,44,37,61,61,180,387,213,111,"University of Southern California",1989,"California"
"Deyonta Davis","MEM",36,0,238,24,47,0,0,10,18,20,40,2,3,17,8,40,58,211,107,"Michigan State University",1996,"Michigan"
"Diamond Stone","LAC",7,0,24,3,13,0,0,4,4,1,5,0,0,1,2,5,10,211,115,"University of Maryland",1997,"Wisconsin"
"Dion Waiters","MIA",46,43,1384,281,663,85,215,82,127,18,136,200,41,20,103,95,729,193,102,"Syracuse University",1991,"Pennsylvania"
"Dirk Nowitzki","DAL",54,54,1424,296,678,79,209,98,112,23,330,82,30,38,51,113,769,213,111,NA,1978,"Germany"
"Domantas Sabonis","OKC",81,66,1632,192,481,51,159,44,67,45,242,82,39,32,83,200,479,211,108,"Gonzaga University",1996,"Oregon"
"Donatas Motiejunas","NOP",34,0,479,57,138,11,47,25,49,26,75,34,18,11,31,55,150,213,100,NA,1990,"Lithuania"
"Dorian Finney-Smith","DAL",81,35,1642,124,333,56,191,46,61,55,166,67,52,25,45,125,350,203,99,"University of Florida",1993,"Virginia"
"Doug McDermott","CHI",66,5,1508,222,497,77,207,71,84,20,159,58,13,5,38,79,592,203,102,"Creighton University",1992,"North Dakota"
"Dragan Bender","PHO",43,0,574,57,161,28,101,4,11,23,80,23,10,22,32,74,146,216,102,NA,1997,"Bosnia and Herzegovina"
"Draymond Green","GSW",76,76,2471,272,650,81,263,151,213,98,501,533,154,106,184,217,776,201,104,"Michigan State University",1990,"Michigan"
"Dwight Howard","ATL",74,74,2199,388,613,0,2,226,424,296,644,104,64,92,170,203,1002,211,120,NA,1985,"Georgia"
"Dwight Powell","DAL",77,3,1333,194,377,21,74,107,141,93,213,49,61,39,34,135,516,211,108,"Stanford University",1991,"Canada"
"Dwyane Wade","CHI",60,59,1792,414,955,45,145,223,281,64,207,229,86,41,138,112,1096,193,99,"Marquette University",1982,"Illinois"
"E'Twaun Moore","NOP",73,22,1820,283,619,77,208,57,74,33,119,164,50,32,62,131,700,208,102,NA,1986,NA
"Ed Davis","POR",46,12,789,75,142,0,0,50,81,96,147,27,15,22,37,137,200,208,108,"University of North Carolina",1989,"District of Columbia"
"Edy Tavares","ATL",2,0,28,4,5,0,0,0,3,4,7,1,0,6,2,3,8,211,115,NA,1997,NA
"Elfrid Payton","ORL",82,58,2412,430,912,40,146,146,211,89,298,529,88,40,178,177,1046,193,83,"University of Louisiana at Lafayette",1994,"Louisiana"
"Elijah Millsap","PHO",2,0,23,1,7,0,2,1,2,3,3,1,0,0,2,2,3,198,102,"University of Alabama at Birmingham",1987,"Louisiana"
"Emmanuel Mudiay","DEN",55,41,1406,208,551,56,178,131,167,29,149,217,41,13,123,95,603,196,90,NA,1996,"Democratic Republic of the Congo"
"Enes Kanter","OKC",72,0,1533,402,737,5,38,224,285,195,287,67,32,38,123,154,1033,211,111,NA,1992,"Switzerland"
"Eric Bledsoe","PHO",66,66,2176,449,1034,104,310,388,458,52,268,418,92,31,223,164,1390,185,86,"University of Kentucky",1989,"Alabama"
"Eric Gordon","HOU",75,15,2323,412,1016,246,661,147,175,29,172,188,48,40,121,150,1217,193,97,"Indiana University",1988,"Indiana"
"Ersan Ilyasova","PHI",82,52,2142,384,890,142,402,161,207,115,366,141,58,23,116,211,1071,208,106,NA,1987,"Turkey"
"Evan Fournier","ORL",68,66,2234,408,930,128,360,223,277,44,165,202,66,4,141,180,1167,201,92,NA,1992,"France"
"Evan Turner","POR",65,12,1658,235,552,31,118,85,103,36,211,205,53,24,100,121,586,201,99,"Ohio State University",1988,"Illinois"
"Frank Kaminsky","CHO",75,16,1954,320,802,116,354,118,156,57,279,162,47,34,76,139,874,213,109,"University of Wisconsin",1993,"Illinois"
"Fred VanVleet","TOR",37,0,294,39,111,11,29,18,22,4,38,35,17,2,15,36,107,183,88,"Wichita State University",1994,"Illinois"
"Garrett Temple","SAC",65,21,1728,183,432,82,220,58,74,32,151,169,84,28,78,141,506,198,88,"Louisiana State University",1986,"Louisiana"
"Gary Harris","DEN",57,56,1782,320,637,107,255,104,134,48,130,164,71,8,76,92,851,193,95,"Michigan State University",1994,"Indiana"
"Gary Neal","ATL",2,0,18,0,7,0,2,4,4,0,1,1,0,0,0,1,4,193,95,"Towson University",1984,"Maryland"
"Gary Payton","MIL",6,0,99,8,22,1,9,3,5,0,12,13,3,4,10,9,20,NA,NA,NA,NA,NA
"George Hill","UTA",49,49,1544,289,606,94,233,157,196,23,144,203,50,11,85,114,829,190,85,"Indiana University-Purdue University Indianapolis",1986,"Indiana"
"Georges Niang","IND",23,0,93,9,36,1,12,2,2,2,15,5,3,0,5,6,21,203,104,"Iowa State University",1993,"Massachusetts"
"Georgios Papagiannis","SAC",22,0,355,56,102,0,2,12,14,24,62,20,3,17,24,44,124,216,108,NA,1997,"Greece"
"Gerald Green","BOS",47,0,538,95,232,39,111,33,41,17,68,33,9,7,25,48,262,201,92,NA,1986,"Texas"
"Gerald Henderson","PHI",72,41,1667,234,553,61,173,133,165,34,151,112,41,15,62,129,662,NA,NA,NA,NA,NA
"Giannis Antetokounmpo","MIL",80,80,2845,656,1259,49,180,471,612,142,558,434,131,151,234,246,1832,211,100,NA,1994,"Greece"
"Glenn Robinson","IND",69,27,1426,158,338,49,125,54,76,57,188,47,41,20,37,63,419,NA,NA,NA,NA,NA
"Goran Dragic","MIA",73,73,2459,534,1124,117,289,298,377,61,217,423,89,13,212,199,1483,190,86,NA,1986,"Slovenia"
"Gordon Hayward","UTA",73,73,2516,545,1156,149,374,362,429,49,344,252,73,20,140,117,1601,203,102,"Butler University",1990,"Indiana"
"Gorgui Dieng","MIN",82,82,2653,332,661,16,43,136,167,188,459,158,88,95,107,254,816,211,109,"University of Louisville",1990,"Senegal"
"Greg Monroe","MIL",81,0,1823,387,726,0,4,177,239,167,365,187,92,38,140,168,951,211,120,"Georgetown University",1990,"Louisiana"
"Greivis Vasquez","BRK",3,0,39,2,8,1,3,2,3,0,2,5,1,1,1,6,7,198,98,"University of Maryland",1987,"Venezuela"
"Harrison Barnes","DAL",79,79,2803,599,1280,78,222,242,281,94,303,117,66,15,102,128,1518,NA,NA,NA,NA,NA
"Hassan Whiteside","MIA",77,77,2513,542,973,0,0,225,358,293,795,57,56,161,154,226,1309,213,120,"Marshall University",1989,"North Carolina"
"Henry Ellenson","DET",19,2,146,23,64,10,35,4,8,8,33,7,1,1,14,6,60,211,111,"Marquette University",1997,"Wisconsin"
"Hollis Thompson","PHI",40,9,752,77,200,32,95,19,29,19,92,35,20,6,11,69,205,203,93,"Georgetown University",1991,"California"
"Ian Clark","GSW",77,0,1137,211,433,61,163,44,58,22,100,90,39,8,55,77,527,190,79,"Belmont University",1991,"Tennessee"
"Ian Mahinmi","WAS",31,0,555,65,111,0,0,43,75,47,103,19,33,24,34,90,173,211,113,NA,1986,"France"
"Iman Shumpert","CLE",76,31,1937,201,489,94,261,71,90,39,180,109,62,27,78,150,567,196,99,"Georgia Institute of Technology",1990,"Illinois"
"Isaiah Canaan","CHI",39,0,592,63,173,25,94,30,33,6,43,37,22,1,20,35,181,183,91,"Murray State University",1991,"Mississippi"
"Isaiah Taylor","HOU",4,0,52,1,7,0,2,1,2,1,2,3,1,1,0,6,3,190,77,"University of Texas at Austin",1994,"California"
"Isaiah Thomas","BOS",76,76,2569,682,1473,245,646,590,649,43,162,449,70,13,210,167,2199,NA,NA,NA,NA,NA
"Isaiah Whitehead","BRK",73,26,1643,204,508,44,149,91,113,32,152,192,42,36,142,175,543,193,96,"Seton Hall University",1995,"New York"
"Ish Smith","DET",81,32,1955,329,749,28,105,72,102,21,214,418,61,33,112,127,758,183,79,"Wake Forest University",1988,"North Carolina"
"Ivica Zubac","LAL",38,11,609,126,238,0,3,32,49,41,118,30,14,33,30,66,284,216,120,NA,1997,"Bosnia and Herzegovina"
"J.J. Barea","DAL",35,6,771,142,343,53,148,44,51,9,75,193,14,1,63,30,381,203,94,NA,1984,NA
"J.J. Redick","LAC",78,78,2198,396,890,201,468,180,202,11,160,110,55,13,98,125,1173,188,86,NA,1984,NA
"J.R. Smith","CLE",41,35,1187,123,356,95,271,10,15,17,96,62,40,11,26,77,351,NA,NA,NA,NA,NA
"Jabari Parker","MIL",51,50,1728,399,814,65,178,162,218,79,235,142,51,22,92,111,1025,203,113,"Duke University",1995,"Illinois"
"Jae Crowder","BOS",72,72,2335,333,720,157,394,176,217,48,367,155,72,23,79,161,999,198,106,"Marquette University",1990,"Georgia"
"Jahlil Okafor","PHI",50,33,1134,242,471,0,0,106,158,81,159,58,20,49,91,122,590,211,124,"Duke University",1995,"Illinois"
"Jake Layman","POR",35,1,249,26,89,13,51,13,17,6,18,11,9,3,11,22,78,206,95,"University of Maryland",1994,"Massachusetts"
"Jakob Poeltl","TOR",54,4,626,67,115,0,0,31,57,78,87,12,17,20,29,113,165,213,112,"University of Utah",1995,"Austria"
"Jamal Crawford","LAC",82,1,2157,359,869,116,322,174,203,17,112,213,59,14,134,115,1008,196,90,"University of Michigan",1980,"Washington"
"Jamal Murray","DEN",82,10,1764,295,730,115,344,106,120,41,173,170,52,24,113,124,811,193,93,"University of Kentucky",1997,"Canada"
"Jameer Nelson","DEN",75,39,2045,268,604,106,273,45,63,28,164,385,53,8,129,197,687,183,86,"Saint Joseph's University",1982,"Pennsylvania"
"James Ennis","MEM",64,28,1501,146,321,51,137,86,110,69,190,64,46,19,59,165,429,201,95,"California State University, Long Beach",1990,"California"
"James Harden","HOU",81,81,2947,674,1533,262,756,746,881,95,564,906,120,37,464,215,2356,196,99,"Arizona State University",1989,"California"
"James Johnson","MIA",76,5,2085,368,769,87,256,152,215,66,309,276,76,86,171,197,975,206,113,"Wake Forest University",1987,"Wyoming"
"James Jones","CLE",48,2,381,44,92,31,66,13,20,3,35,14,7,10,10,37,132,NA,NA,NA,NA,NA
"James Michael","GSW",52,2,457,62,117,2,8,21,42,34,56,17,18,29,19,47,147,198,90,NA,1992,NA
"James Young","BOS",29,0,220,25,58,12,35,6,9,6,20,4,10,2,4,15,68,198,97,"University of Kentucky",1995,"Michigan"
"JaMychal Green","MEM",77,75,2101,250,500,55,145,134,167,167,377,84,46,34,94,248,689,206,102,"University of Alabama",1990,"Alabama"
"Jared Dudley","PHO",64,7,1362,157,346,77,203,43,65,31,194,121,42,16,72,154,434,201,102,"Boston College",1985,"California"
"Jared Sullinger","TOR",11,1,118,15,48,3,18,4,8,10,17,3,4,1,4,17,37,206,117,"Ohio State University",1992,"Ohio"
"Jarell Eddie","PHO",5,0,62,6,19,4,16,8,9,1,6,0,1,0,1,1,24,201,98,"Virginia Polytechnic Institute and State University",1991,"Florida"
"Jarell Martin","MEM",42,3,558,58,151,9,25,40,50,42,120,8,17,9,28,91,165,208,108,"Louisiana State University",1994,"Louisiana"
"Jarnell Stokes","DEN",2,0,7,1,1,0,0,1,2,1,1,2,1,0,0,3,3,206,119,"University of Tennessee",1994,"Tennessee"
"Jarrett Jack","NOP",2,0,33,2,3,0,1,2,2,0,0,5,2,0,3,4,6,190,90,"Georgia Institute of Technology",1983,"Maryland"
"Jarrod Uthoff","DAL",9,0,115,16,38,3,9,5,7,8,14,9,2,4,3,8,40,206,100,"University of Iowa",1993,"Iowa"
"Jason Smith","WAS",74,3,1068,174,329,37,78,35,51,64,194,37,21,55,58,168,420,211,113,"Louisiana State University",1977,"Georgia"
"Jason Terry","MIL",74,0,1365,105,243,73,171,24,29,15,91,98,45,20,36,95,307,188,83,"University of Arizona",1977,"Washington"
"JaVale McGee","GSW",77,10,739,208,319,0,4,56,111,100,144,17,19,67,40,109,472,213,122,"University of Nevada, Reno",1988,"Michigan"
"Jaylen Brown","BOS",78,20,1341,192,423,46,135,85,124,45,175,64,35,18,68,142,515,193,97,"University of Missouri",1992,"California"
"Jeff Green","ORL",69,11,1534,220,558,53,193,145,168,39,175,81,37,13,75,103,638,NA,NA,NA,NA,NA
"Jeff Teague","IND",82,82,2657,402,909,90,252,360,415,33,298,639,100,32,216,165,1254,188,84,"Wake Forest University",1988,"Indiana"
"Jeff Withey","UTA",51,1,432,55,103,0,1,36,48,52,69,7,16,32,14,52,146,213,104,"University of Kansas",1990,"California"
"Jerami Grant","OKC",80,4,1531,152,328,43,116,90,147,38,168,46,33,79,44,149,437,203,95,"Syracuse University",1994,"Oregon"
"Jeremy Lamb","CHO",62,5,1143,226,491,41,146,110,129,30,234,75,27,23,40,98,603,196,83,"University of Connecticut",1992,"Virginia"
"Jeremy Lin","BRK",36,33,883,175,400,58,156,115,141,11,124,184,41,14,86,79,523,190,90,"Harvard University",1988,"California"
"Jerian Grant","CHI",63,28,1028,128,301,49,134,65,73,17,94,120,47,8,44,93,370,203,95,"Syracuse University",1994,"Oregon"
"Jerryd Bayless","PHI",3,1,71,11,32,2,5,9,10,3,9,13,0,0,9,4,33,190,90,"University of Arizona",1988,"Arizona"
"Jimmy Butler","CHI",76,75,2809,570,1252,91,248,585,676,129,341,417,143,32,159,112,1816,201,99,"Marquette University",1989,"Texas"
"Joakim Noah","NYK",46,46,1015,99,201,0,1,34,78,161,241,103,30,37,58,127,232,211,104,"University of Florida",1985,"New York"
"Jodie Meeks","ORL",36,10,738,103,256,56,137,65,74,5,72,45,34,4,36,41,327,193,95,"University of Kentucky",1987,"Georgia"
"Joe Harris","BRK",52,11,1138,154,362,85,221,35,49,16,131,54,30,8,55,121,428,198,99,"University of Virginia",1991,"Washington"
"Joe Ingles","UTA",82,26,1972,204,451,123,279,50,68,23,237,224,96,8,107,163,581,203,102,NA,1987,"Australia"
"Joe Johnson","UTA",78,14,1843,273,626,106,258,63,77,33,209,144,36,18,69,93,715,NA,NA,NA,NA,NA
"Joe Young","IND",33,0,135,26,72,5,23,11,15,1,16,15,4,0,5,5,68,188,81,"University of Oregon",1992,"Texas"
"Joel Anthony","SAS",19,0,122,10,16,0,0,5,8,8,23,3,2,6,4,11,25,206,111,"University of Nevada, Las Vegas",1982,"Canada"
"Joel Bolomboy","UTA",12,0,53,9,16,1,4,3,6,4,13,2,1,2,2,1,22,206,106,"Weber State University",1994,"Ukraine"
"Joel Embiid","PHI",31,31,786,200,429,36,98,191,244,61,182,66,27,76,117,112,627,213,113,"University of Kansas",1994,"Cameroon"
"Joffrey Lauvergne","OKC",70,1,980,148,336,33,98,46,73,72,179,70,25,6,56,83,375,211,99,NA,1991,"France"
"John Henson","MIL",58,39,1123,159,309,0,1,74,107,92,203,57,29,78,53,151,392,211,103,"University of North Carolina",1990,"North Carolina"
"John Jenkins","PHO",4,0,13,2,5,1,2,2,2,0,1,1,0,0,0,0,7,193,97,"Vanderbilt University",1991,"Tennessee"
"John Lucas","MIN",5,0,11,1,4,0,1,0,0,0,0,1,2,0,0,0,2,NA,NA,NA,NA,NA
"John Wall","WAS",78,78,2836,647,1435,89,272,422,527,58,268,831,157,49,323,151,1805,193,88,"University of Kentucky",1990,"North Carolina"
"Johnny O'Bryant","DEN",11,0,80,15,30,3,6,5,6,9,10,6,0,1,6,10,38,206,116,"Louisiana State University",1993,"Mississippi"
"Jon Leuer","DET",75,34,1944,310,646,49,167,98,113,102,300,111,31,26,66,145,767,208,103,"University of Wisconsin",1989,"Minnesota"
"Jonas Jerebko","BOS",78,6,1232,114,262,45,130,26,37,60,213,71,26,17,39,122,299,208,104,NA,1987,"Sweden"
"Jonas Valanciunas","TOR",80,80,2066,391,702,1,2,176,217,226,533,57,37,63,106,216,959,213,120,NA,1992,"Lithuania"
"Jonathan Gibson","DAL",17,0,231,35,95,15,45,21,29,1,21,26,8,0,21,21,106,188,83,"New Mexico State University",1987,"California"
"Jonathon Simmons","SAS",78,8,1392,177,421,30,102,99,132,20,140,126,47,25,76,146,483,NA,NA,NA,NA,NA
"Jordan Clarkson","LAL",82,19,2397,477,1071,117,356,134,168,49,197,213,88,8,164,150,1205,196,87,"University of Missouri",1992,"Florida"
"Jordan Crawford","NOP",19,0,442,105,218,37,95,20,26,4,30,57,11,2,25,30,267,196,95,"University of Kentucky",1986,"Michigan"
"Jordan Farmar","SAC",2,0,35,4,12,4,9,0,0,1,2,9,2,0,3,1,12,188,81,"University of California, Los Angeles",1986,"California"
"Jordan Hill","MIN",7,0,47,5,13,0,0,2,2,8,6,0,1,0,4,9,12,208,106,"University of Arizona",1987,"Georgia"
"Jordan McRae","CLE",37,4,384,58,150,18,51,27,34,6,34,19,8,6,14,31,161,198,83,"University of Tennessee",1991,"Georgia"
"Jordan Mickey","BOS",25,1,141,15,34,0,1,8,14,13,21,7,3,6,9,12,38,203,106,"Louisiana State University",1994,"Texas"
"Jose Calderon","LAL",41,13,539,55,134,20,64,11,12,15,59,88,11,1,41,36,141,190,90,NA,1981,"Spain"
"Josh Huestis","OKC",2,0,31,6,11,2,4,0,1,4,5,3,0,3,0,0,14,201,104,"Stanford University",1991,"Texas"
"Josh McRoberts","MIA",22,14,381,44,118,13,31,6,9,23,51,50,10,4,23,31,107,208,108,"Duke University",1987,"Indiana"
"Josh Richardson","MIA",53,34,1614,202,513,75,227,60,77,35,133,140,60,39,65,132,539,198,90,"University of Tennessee",1993,"Oklahoma"
"Jrue Holiday","NOP",67,61,2190,405,894,100,281,119,168,46,218,488,100,43,194,133,1029,193,92,"University of California, Los Angeles",1990,"California"
"Juan Hernangomez","DEN",62,9,842,101,224,46,113,57,76,43,144,29,29,12,31,62,305,206,104,NA,1995,"Spain"
"Julius Randle","LAL",74,73,2132,377,773,17,63,204,282,151,485,264,49,37,173,248,975,206,113,"University of Kentucky",1994,"Texas"
"Justin Anderson","DAL",75,10,1228,186,439,58,194,102,129,69,176,66,41,23,66,109,532,198,103,"University of Virginia",1993,"Virginia"
"Justin Hamilton","BRK",64,7,1177,174,379,55,181,39,52,71,191,55,29,43,43,91,442,213,117,"Louisiana State University",1990,"California"
"Justin Harper","PHI",3,0,31,5,12,2,7,0,0,2,3,2,0,0,4,2,12,208,102,"University of Richmond",1989,"Virginia"
"Justin Holiday","NYK",82,4,1639,233,538,97,273,66,80,27,198,102,65,31,66,109,629,198,83,"University of Washington",1989,"California"
"Justise Winslow","MIA",18,15,625,80,225,7,35,29,47,23,71,66,27,6,33,52,196,201,102,"Duke University",1996,"Texas"
"Jusuf Nurkic","DEN",65,48,1391,271,534,0,1,120,210,154,313,123,50,74,143,161,662,213,127,NA,1994,"Bosnia and Herzegovina"
"K.J. McDaniels","HOU",49,0,505,77,169,20,66,32,38,15,67,13,19,18,29,49,206,198,90,NA,1992,NA
"Karl-Anthony Towns","MIN",82,82,3030,802,1479,101,275,356,428,296,711,220,57,103,212,241,2061,213,110,"University of Kentucky",1995,"New Jersey"
"Kawhi Leonard","SAS",74,74,2474,636,1311,147,386,469,533,80,350,260,132,55,154,122,1888,201,104,"San Diego State University",1991,"California"
"Kay Felder","CLE",42,0,386,62,158,7,22,35,49,3,38,58,18,7,31,38,166,175,79,"Oakland University",1995,"Michigan"
"Kelly Olynyk","BOS",75,6,1538,260,508,68,192,90,123,72,288,148,43,29,96,207,678,213,107,"Gonzaga University",1991,"Canada"
"Kelly Oubre","WAS",79,5,1605,186,442,54,188,75,99,61,199,47,58,17,49,195,501,201,92,"University of Kansas",1995,"Louisiana"
"Kemba Walker","CHO",79,79,2739,643,1449,240,602,304,359,45,263,435,85,22,168,119,1830,NA,NA,NA,NA,NA
"Kenneth Faried","DEN",61,34,1296,228,416,0,6,131,189,182,279,55,43,40,58,124,587,203,103,"Morehead State University",1989,"New Jersey"
"Kent Bazemore","ATL",73,64,1963,295,721,92,266,119,168,45,186,177,91,52,125,165,801,196,91,"Old Dominion University",1989,"North Carolina"
"Kentavious Caldwell-Pope","DET",76,75,2529,370,928,153,437,154,185,55,193,193,89,12,86,118,1047,196,92,"University of Georgia",1993,"Georgia"
"Kevin Durant","GSW",62,62,2070,551,1026,117,312,336,384,39,474,300,66,99,138,117,1555,206,108,"University of Texas at Austin",1988,"District of Columbia"
"Kevin Love","CLE",60,60,1885,370,867,145,389,257,295,148,518,116,53,22,122,125,1142,208,113,"University of California, Los Angeles",1988,"California"
"Kevin Seraphin","IND",49,3,559,109,198,0,2,14,22,41,101,23,7,20,29,66,232,206,129,NA,1989,"French Guiana"
"Kevon Looney","GSW",53,4,447,56,107,2,9,21,34,44,80,29,14,17,17,64,135,206,99,"University of California, Los Angeles",1996,"Wisconsin"
"Khris Middleton","MIL",29,23,889,150,333,45,104,81,92,11,112,99,41,7,65,79,426,203,106,"Texas A&M University",1991,"South Carolina"
"Klay Thompson","GSW",78,78,2649,644,1376,268,647,186,218,49,236,160,66,40,128,139,1742,201,97,"Washington State University",1990,"California"
"Kosta Koufos","SAC",71,62,1419,216,392,0,1,38,62,118,285,47,36,48,61,172,470,213,120,"Ohio State University",1989,"Ohio"
"Kris Dunn","MIN",78,7,1333,118,313,21,73,36,59,24,142,188,78,36,89,178,293,193,95,"Providence College",1994,"Connecticut"
"Kris Humphries","ATL",56,4,689,87,214,19,54,64,82,60,146,29,15,21,28,69,257,206,106,"University of Minnesota",1985,"Minnesota"
"Kristaps Porzingis","NYK",66,65,2164,443,985,112,314,198,252,111,364,97,47,130,118,244,1196,221,108,NA,1995,"Latvia"
"Kyle Anderson","SAS",72,14,1020,93,209,15,40,45,57,33,175,91,51,26,39,63,246,206,104,"University of California, Los Angeles",1993,"New York"
"Kyle Korver","CLE",67,22,1753,239,515,162,359,38,42,8,179,110,34,21,69,107,678,201,96,"Creighton University",1981,"California"
"Kyle Lowry","TOR",60,60,2244,426,918,193,468,299,365,48,240,417,88,19,173,170,1344,183,92,"Villanova University",1986,"Pennsylvania"
"Kyle O'Quinn","NYK",79,8,1229,215,413,2,17,64,83,157,282,117,36,104,76,174,496,208,113,"Norfolk State University",1990,"New York"
"Kyle Singler","OKC",32,2,385,34,83,7,37,13,17,8,40,9,7,5,11,29,88,203,103,"Duke University",1988,"Oregon"
"Kyle Wiltjer","HOU",14,0,44,4,14,4,13,1,2,4,6,2,3,1,5,4,13,208,108,"Gonzaga University",1992,"Oregon"
"Kyrie Irving","CLE",72,72,2525,671,1420,177,441,297,328,52,178,418,83,25,180,157,1816,190,87,"Duke University",1992,"Australia"
"Lamar Patterson","ATL",5,0,40,3,15,1,6,2,3,1,6,6,1,0,4,6,9,196,102,"University of Pittsburgh",1991,"Pennsylvania"
"LaMarcus Aldridge","SAS",72,72,2335,500,1049,23,56,220,271,174,350,139,46,89,98,158,1243,211,117,"University of Texas at Austin",1985,"Texas"
"Lance Stephenson","NOP",18,0,361,54,120,6,20,8,13,4,48,59,5,3,26,32,122,196,104,"University of Cincinnati",1990,"New York"
"Lance Thomas","NYK",46,15,968,97,244,38,85,43,51,32,110,35,21,5,25,85,275,203,106,"Duke University",1988,"New York"
"Langston Galloway","NOP",74,2,1495,207,545,120,308,51,64,27,129,93,46,6,46,96,585,188,90,"Saint Joseph's University",1991,"Louisiana"
"Larry Nance","LAL",63,7,1442,190,361,10,36,59,80,120,249,96,82,40,56,149,449,NA,NA,NA,NA,NA
"Larry Sanders","CLE",5,0,13,1,4,0,0,2,2,3,1,0,1,1,2,5,4,211,106,"Virginia Commonwealth University",1988,"Florida"
"Lavoy Allen","IND",61,5,871,77,168,0,1,23,33,105,115,57,18,24,29,78,177,206,117,"Temple University",1989,"Pennsylvania"
"Leandro Barbosa","PHO",67,0,963,172,392,35,98,40,45,15,89,81,31,8,48,82,419,190,87,NA,1982,"Brazil"
"LeBron James","CLE",74,74,2794,736,1344,124,342,358,531,97,543,646,92,44,303,134,1954,203,113,NA,1984,"Ohio"
"Lou Williams","LAL",81,1,1994,428,998,163,446,402,457,26,176,239,80,19,160,92,1421,NA,NA,NA,NA,NA
"Luc Mbah","LAC",80,76,1787,191,378,43,110,59,87,47,127,39,81,35,47,122,484,201,99,NA,1984,NA
"Lucas Nogueira","TOR",57,6,1088,103,156,3,12,44,67,82,161,42,52,90,46,137,253,213,109,NA,1992,"Brazil"
"Luis Scola","BRK",36,1,461,71,151,17,50,25,37,51,88,37,14,4,34,63,184,206,108,NA,1980,"Argentina"
"Luke Babbitt","MIA",68,55,1065,113,281,87,210,11,15,13,129,36,21,11,25,118,324,206,102,"University of Nevada, Reno",1989,"Ohio"
"Luol Deng","LAL",56,49,1486,164,424,51,165,46,63,63,232,74,48,20,43,61,425,206,99,"Duke University",1985,"South Sudan"
"Malachi Richardson","SAC",22,0,198,28,68,8,28,15,19,3,20,11,5,1,8,23,79,198,92,"Syracuse University",1996,"New Jersey"
"Malcolm Brogdon","MIL",75,28,1982,290,635,78,193,109,126,47,166,317,84,12,113,140,767,196,97,"University of Virginia",1992,"Georgia"
"Malcolm Delaney","ATL",73,2,1248,145,388,26,110,75,93,11,113,193,39,1,95,112,391,190,86,"Virginia Polytechnic Institute and State University",1989,"Maryland"
"Malik Beasley","DEN",22,1,165,33,73,9,28,8,10,5,12,11,7,0,8,10,83,196,88,"Florida State University",1996,"Georgia"
"Manny Harris","DAL",4,0,25,3,15,0,2,2,4,3,6,2,0,0,2,1,8,196,83,"University of Michigan",1989,"Michigan"
"Manu Ginobili","SAS",69,0,1291,171,439,89,227,86,107,28,129,183,82,16,96,119,517,198,92,NA,1977,"Argentina"
"Marc Gasol","MEM",74,74,2531,532,1160,104,268,278,332,60,402,338,67,99,166,171,1446,216,115,NA,1985,"Spain"
"Marcelo Huertas","LAL",23,1,237,25,68,4,19,9,17,2,22,52,10,2,19,16,63,190,90,NA,1983,"Brazil"
"Marcin Gortat","WAS",82,82,2556,390,674,0,2,103,159,238,611,121,40,65,118,213,883,211,108,NA,1984,"Poland"
"Marco Belinelli","CHO",74,0,1778,264,615,102,283,150,168,14,164,147,44,9,70,90,780,196,95,NA,1986,"Italy"
"Marcus Georges-Hunt","ORL",5,0,48,2,7,1,2,9,10,1,8,3,1,0,2,5,14,196,97,"Georgia Institute of Technology",1994,"Florida"
"Marcus Morris","DET",79,79,2565,421,1007,118,357,145,185,77,289,160,52,25,87,168,1105,NA,NA,NA,NA,NA
"Marcus Smart","BOS",79,24,2399,269,749,94,332,203,250,78,228,364,125,34,159,192,835,193,99,"Oklahoma State University",1994,"Texas"
"Marcus Thornton","WAS",33,1,575,84,210,28,80,23,27,22,54,41,19,3,25,48,219,193,92,"Louisiana State University",1987,"Louisiana"
"Mario Hezonja","ORL",65,2,960,117,330,43,144,40,50,20,126,62,30,14,58,74,317,203,97,NA,1995,"Croatia"
"Markieff Morris","WAS",76,76,2374,406,889,71,196,180,215,107,385,126,82,42,129,254,1063,NA,NA,NA,NA,NA
"Marquese Chriss","PHO",82,75,1743,284,632,72,224,113,181,96,252,60,67,70,108,263,753,208,105,"University of Washington",1997,"California"
"Marreese Speights","LAC",82,2,1286,244,548,103,277,120,137,88,285,66,23,41,69,229,711,208,115,"University of Florida",1987,"Florida"
"Marshall Plumlee","NYK",21,1,170,16,30,0,0,8,19,23,28,10,4,4,12,23,40,211,111,"Duke University",1990,"Indiana"
"Marvin Williams","CHO",76,76,2295,297,704,124,354,131,150,89,409,106,58,53,60,134,849,185,89,"University of Alabama",1982,"Mississippi"
"Mason Plumlee","POR",81,64,2148,334,623,0,6,174,300,170,436,284,69,92,135,226,842,211,111,"Duke University",1990,"Indiana"
"Matt Barnes","SAC",74,18,1777,185,473,87,263,70,89,70,317,194,48,26,107,185,527,NA,NA,NA,NA,NA
"Matthew Dellavedova","MIL",76,54,1986,208,534,79,215,82,96,24,123,357,53,0,133,153,577,193,89,"Saint Mary's College of California",1990,"Australia"
"Maurice Harkless","POR",77,69,2223,314,624,68,194,77,124,125,216,89,85,70,85,214,773,206,97,"St. John's University",1993,"New York"
"Maurice Ndour","NYK",32,4,331,39,86,1,7,19,26,22,42,8,15,8,12,30,98,206,90,"Ohio University",1992,"Senegal"
"Metta World","LAL",25,2,160,19,68,9,38,10,16,5,15,11,9,2,7,18,57,NA,NA,NA,NA,NA
"Meyers Leonard","POR",74,12,1222,146,378,74,213,35,40,27,209,71,13,28,35,172,401,216,111,"University of Illinois at Urbana-Champaign",1992,"Virginia"
"Michael Beasley","MIL",56,6,935,216,406,18,43,78,105,40,153,53,28,27,66,92,528,206,106,"Kansas State University",1989,"Maryland"
"Michael Carter-Williams","CHI",45,19,846,112,306,15,64,58,77,24,128,113,38,23,66,102,297,198,86,"Syracuse University",1991,"Massachusetts"
"Michael Gbinije","DET",9,0,32,1,10,0,4,2,2,2,1,2,0,0,0,2,4,201,90,"Syracuse University",1992,"Connecticut"
"Michael Kidd-Gilchrist","CHO",81,81,2349,295,618,1,9,152,194,156,409,114,81,77,56,187,743,201,105,"University of Kentucky",1993,"Pennsylvania"
"Mike Conley","MEM",69,68,2292,464,1009,171,419,316,368,31,211,433,92,19,156,126,1415,185,79,"Ohio State University",1987,"Arkansas"
"Mike Dunleavy","ATL",53,2,841,93,220,53,134,36,45,18,97,50,15,7,28,67,275,NA,NA,NA,NA,NA
"Mike Miller","DEN",20,0,151,9,23,8,20,2,2,3,36,22,2,0,13,9,28,203,98,"University of Florida",1980,"South Dakota"
"Mike Muscala","ATL",70,3,1237,170,337,46,110,49,64,76,164,95,30,41,55,97,435,211,108,"Bucknell University",1991,"Minnesota"
"Mike Scott","ATL",18,0,195,17,59,4,27,7,8,10,27,17,4,3,8,12,45,203,107,"University of Virginia",1988,"Virginia"
"Mike Tobey","CHO",2,0,25,1,4,0,0,0,0,2,1,1,0,0,1,2,2,213,117,"University of Virginia",1994,"New York"
"Miles Plumlee","MIL",45,12,484,44,92,0,0,25,39,38,57,21,18,13,30,73,113,211,112,"Duke University",1988,"Indiana"
"Mindaugas Kuzminskas","NYK",68,5,1016,158,369,54,168,55,68,47,79,69,29,11,51,79,425,206,97,NA,1989,"Lithuania"
"Mirza Teletovic","MIL",70,2,1133,156,418,104,305,35,45,11,151,48,12,13,37,109,451,206,109,NA,1985,"Bosnia and Herzegovina"
"Monta Ellis","IND",74,33,1998,247,557,43,135,93,128,19,185,236,79,27,135,149,630,190,83,NA,1985,"Mississippi"
"Montrezl Harrell","HOU",58,14,1064,225,345,1,7,76,121,81,138,64,20,42,44,126,527,203,108,"University of Louisville",1994,"North Carolina"
"Myles Turner","IND",81,81,2541,444,869,40,115,245,303,139,448,106,74,173,105,262,1173,211,110,"University of Texas at Austin",1996,"Texas"
"Nemanja Bjelica","MIN",65,1,1190,151,356,56,177,45,61,57,187,79,40,20,59,154,403,208,108,NA,1988,"Serbia"
"Nene Hilario","HOU",67,8,1198,245,397,3,9,116,197,95,186,65,56,40,73,163,609,211,113,NA,1982,"Brazil"
"Nerlens Noel","PHI",51,19,1047,184,309,0,1,77,111,93,201,50,65,51,51,126,445,211,103,"University of Kentucky",1994,"Massachusetts"
"Nick Collison","OKC",20,0,128,14,23,0,1,5,8,9,21,12,2,2,4,17,33,208,115,"University of Kansas",1980,"Iowa"
"Nick Young","LAL",60,60,1556,272,633,170,421,77,90,25,112,58,37,14,36,137,791,201,95,"University of Southern California",1985,"California"
"Nicolas Batum","CHO",77,77,2617,393,975,135,405,243,284,46,435,455,86,29,194,109,1164,203,90,NA,1988,"France"
"Nicolas Brussino","DAL",54,2,521,52,141,29,95,17,22,26,69,47,17,8,26,43,150,201,88,NA,1993,"Argentina"
"Nicolas Laprovittola","SAS",18,3,174,20,47,10,27,9,9,1,9,28,4,1,19,19,59,193,81,NA,1990,"Argentina"
"Nik Stauskas","PHI",80,27,2188,251,634,132,359,122,150,21,205,188,45,32,128,144,756,198,92,"University of Michigan",1993,"Canada"
"Nikola Jokic","DEN",73,59,2038,494,854,45,139,188,228,212,506,359,61,56,171,214,1221,208,113,NA,1995,"Serbia"
"Nikola Mirotic","CHI",70,15,1679,258,625,129,377,99,128,61,323,75,53,56,79,128,744,208,99,NA,1991,"Montenegro"
"Nikola Vucevic","ORL",75,55,2163,483,1031,23,75,107,160,176,603,208,77,74,117,180,1096,213,117,"University of Southern California",1990,"Switzerland"
"Noah Vonleh","POR",74,41,1265,130,270,7,20,60,94,131,256,31,30,27,64,154,327,208,108,"Indiana University",1995,"Massachusetts"
"Norman Powell","TOR",76,18,1368,227,506,56,173,126,159,26,142,82,51,14,70,127,636,193,97,"University of California, Los Angeles",1993,"California"
"Norris Cole","OKC",13,0,125,16,52,3,13,8,10,0,11,14,8,0,7,18,43,188,79,"Cleveland State University",1988,"Ohio"
"Okaro White","MIA",35,0,471,33,87,12,34,20,22,25,57,21,10,10,18,52,98,203,92,"Florida State University",1992,"Florida"
"Omer Asik","NOP",31,19,482,31,65,0,0,23,39,48,115,15,5,10,14,51,85,213,115,NA,1986,"Turkey"
"Omri Casspi","SAC",36,2,643,77,165,15,43,17,29,27,85,37,23,3,29,50,186,206,102,NA,1988,"Israel"
"Otto Porter","WAS",80,80,2605,414,803,148,341,99,119,118,397,121,116,41,43,193,1075,203,89,"Georgetown University",1993,"Missouri"
"P.J. Tucker","PHO",81,21,2236,199,482,70,196,72,93,117,355,99,116,19,66,196,540,206,97,NA,1986,NA
"Pascal Siakam","TOR",55,38,859,103,205,1,7,22,32,64,121,17,26,45,33,109,229,206,104,"New Mexico State University",1994,"Cameroon"
"Pat Connaughton","POR",39,1,316,37,72,17,33,7,9,10,42,28,6,2,17,23,98,196,93,"University of Notre Dame",1993,"Massachusetts"
"Patricio Garino","ORL",5,0,43,0,7,0,5,0,0,1,6,0,0,0,3,4,0,198,95,"George Washington University",1993,"Argentina"
"Patrick Beverley","HOU",67,67,2058,228,543,110,288,73,95,95,299,281,99,25,100,222,639,185,83,"University of Arkansas",1988,"Illinois"
"Patrick McCaw","GSW",71,20,1074,106,245,41,123,29,37,22,79,77,32,15,36,62,282,201,83,"University of Nevada, Las Vegas",1995,"Missouri"
"Patrick Patterson","TOR",65,8,1599,154,384,94,253,43,60,62,229,76,40,23,38,120,445,206,104,"University of Kentucky",1989,"District of Columbia"
"Patty Mills","SAS",80,8,1754,273,622,147,356,66,80,24,118,280,65,3,101,109,759,203,111,"Louisiana Tech University",1985,"Louisiana"
"Pau Gasol","SAS",64,39,1627,303,604,56,104,130,184,107,394,150,24,70,81,110,792,213,113,NA,1980,"Spain"
"Paul George","IND",75,75,2689,622,1349,195,496,336,374,58,434,251,117,27,218,206,1775,206,99,"California State University, Fresno",1990,"California"
"Paul Millsap","ATL",69,67,2343,430,972,75,241,311,405,111,422,252,90,62,158,186,1246,203,111,"Louisiana Tech University",1985,"Louisiana"
"Paul Pierce","LAC",25,7,277,28,70,15,43,10,13,1,47,10,4,5,16,40,81,201,106,"University of Kansas",1977,"California"
"Paul Zipser","CHI",44,18,843,88,221,33,99,31,40,15,110,36,15,16,40,78,240,203,97,NA,1994,"Germany"
"Pierre Jackson","DAL",8,1,84,13,39,3,11,6,7,1,8,19,2,0,3,5,35,178,81,"Baylor University",1991,"Nevada"
"Quincy Acy","BRK",38,1,558,70,170,37,90,45,60,20,95,18,14,15,21,67,222,201,108,"Baylor University",1990,"Texas"
"Quinn Cook","NOP",14,0,188,33,66,11,26,2,5,1,6,26,4,0,13,13,79,188,83,"Duke University",1993,"District of Columbia"
"R.J. Hunter","CHI",3,0,9,0,1,0,1,0,0,0,1,0,0,0,0,0,0,201,104,NA,1991,NA
"Rajon Rondo","CHI",69,42,1843,229,561,50,133,30,50,73,282,461,99,11,168,144,538,185,84,"University of Kentucky",1986,"Kentucky"
"Rakeem Christmas","IND",29,0,219,19,43,0,0,21,29,26,30,4,3,6,8,37,59,206,113,"Syracuse University",1991,"New Jersey"
"Ramon Sessions","CHO",50,1,811,100,263,21,62,91,118,11,62,129,26,3,46,43,312,190,86,"University of Nevada, Reno",1986,"South Carolina"
"Randy Foye","BRK",69,40,1284,118,325,67,203,54,63,9,146,135,35,9,80,99,357,193,96,"Villanova University",1983,"New Jersey"
"Rashad Vaughn","MIL",41,2,458,57,156,26,81,2,5,4,45,23,19,10,14,32,142,198,91,"University of Nevada, Las Vegas",1996,"Minnesota"
"Raul Neto","UTA",40,0,346,41,91,10,31,8,9,4,26,34,21,5,15,48,100,185,81,NA,1992,"Brazil"
"Raymond Felton","LAC",80,11,1700,221,514,46,144,50,64,33,184,191,67,22,83,125,538,185,92,"University of North Carolina",1984,"South Carolina"
"Reggie Bullock","DET",31,5,467,54,128,28,73,5,7,13,51,29,18,3,10,22,141,201,92,"University of North Carolina",1991,"Maryland"
"Reggie Jackson","DET",52,50,1424,284,677,66,184,118,136,21,92,270,35,5,114,129,752,190,94,"Boston College",1990,"Italy"
"Reggie Williams","NOP",6,0,79,8,23,5,11,6,7,2,4,4,3,0,0,2,27,NA,NA,NA,NA,NA
"Richard Jefferson","CLE",79,13,1614,153,343,62,186,80,108,28,174,78,26,10,52,153,448,201,105,"University of Arizona",1980,"California"
"Richaun Holmes","PHI",57,17,1193,230,412,27,77,72,103,94,217,58,42,55,55,136,559,208,111,"Bowling Green State University",1993,"Illinois"
"Ricky Rubio","MIN",75,75,2469,261,650,60,196,254,285,68,237,682,128,10,195,202,836,193,87,NA,1990,"Spain"
"Robert Covington","PHI",67,67,2119,292,732,137,412,143,174,92,344,102,127,69,131,203,864,206,97,"Tennessee State University",1990,"Illinois"
"Robin Lopez","CHI",81,81,2271,382,775,0,2,75,104,243,276,80,18,117,90,151,839,213,115,"Stanford University",1988,"California"
"Rodney Hood","UTA",59,55,1593,272,666,114,307,90,115,16,186,96,38,11,65,132,748,203,93,"Duke University",1992,"Mississippi"
"Rodney McGruder","MIA",78,65,1966,190,460,73,220,44,71,95,162,124,45,18,56,140,497,193,92,"Kansas State University",1991,"Maryland"
"Rodney Stuckey","IND",39,0,696,91,244,19,60,80,107,6,78,84,16,0,53,44,281,196,95,"Eastern Washington University",1986,"Washington"
"Ron Baker","NYK",52,13,857,82,217,23,86,28,43,12,86,107,34,8,56,74,215,193,99,"Wichita State University",1993,"Kansas"
"Rondae Hollis-Jefferson","BRK",78,50,1761,235,542,15,67,190,253,96,356,154,82,44,116,177,675,201,99,"University of Arizona",1995,"Pennsylvania"
"Ronnie Price","PHO",14,0,134,4,24,3,17,3,4,3,8,18,11,1,3,14,14,188,86,"Utah Valley State College",1983,"Texas"
"Roy Hibbert","CHO",48,13,682,80,147,0,0,61,75,54,100,21,8,46,32,100,221,218,122,"Georgetown University",1986,"New York"
"Rudy Gay","SAC",30,30,1013,201,442,42,113,118,138,35,155,82,44,26,74,79,562,203,104,"University of Connecticut",1986,"New York"
"Rudy Gobert","UTA",81,81,2744,413,624,0,1,311,476,314,721,97,49,214,148,246,1137,216,111,NA,1992,"France"
"Russell Westbrook","OKC",81,81,2802,824,1941,200,583,710,840,137,727,840,133,31,438,190,2558,190,90,"University of California, Los Angeles",1988,"California"
"Ryan Anderson","HOU",72,72,2116,323,773,204,506,129,150,112,218,68,32,14,55,142,979,208,108,"University of California",1988,"California"
"Ryan Kelly","ATL",16,0,110,8,28,4,10,5,6,1,17,8,4,5,4,5,25,211,104,"Duke University",1991,"New York"
"Salah Mejri","DAL",73,11,905,88,137,1,3,36,61,97,211,14,32,61,40,152,213,216,111,NA,1986,"Tunisia"
"Sam Dekker","HOU",77,2,1419,203,429,60,187,38,68,94,190,76,38,21,41,83,504,206,104,"University of Wisconsin",1994,"Wisconsin"
"Sasha Vujacic","NYK",42,4,408,42,136,23,74,17,24,12,47,52,13,2,16,38,124,201,88,NA,1984,"Slovenia"
"Sean Kilpatrick","BRK",70,24,1754,305,735,105,308,204,242,22,258,157,46,6,136,118,919,193,95,"University of Cincinnati",1990,"New York"
"Semaj Christon","OKC",64,1,973,77,223,12,63,17,31,19,69,130,28,6,43,79,183,190,86,"Xavier University",1992,"Ohio"
"Serge Ibaka","ORL",79,79,2422,471,982,124,317,107,125,129,409,75,41,124,105,215,1173,208,106,NA,1989,"Republic of the Congo"
"Sergio Rodriguez","PHI",68,30,1518,210,536,92,252,18,27,21,136,344,48,4,128,95,530,190,79,NA,1986,"Spain"
"Seth Curry","DAL",70,42,2029,338,703,137,322,85,100,25,153,188,79,7,92,126,898,188,83,"Duke University",1990,"North Carolina"
"Shabazz Muhammad","MIN",78,1,1516,288,598,49,146,147,190,84,136,35,22,6,56,86,772,198,101,"University of California, Los Angeles",1992,"California"
"Shabazz Napier","POR",53,2,512,73,183,34,92,38,49,8,53,67,32,2,41,38,218,185,79,"University of Connecticut",1991,"Massachusetts"
"Shaun Livingston","GSW",76,3,1345,173,316,1,3,42,60,28,123,139,38,20,61,120,389,201,87,NA,1985,"Illinois"
"Shawn Long","PHI",18,0,234,61,109,7,19,19,35,41,44,13,9,9,13,49,148,206,115,"University of Louisiana at Lafayette",1993,"Louisiana"
"Sheldon McClellan","WAS",30,3,287,30,75,7,30,23,27,4,30,15,8,2,5,17,90,196,90,"University of Miami",1992,"Texas"
"Shelvin Mack","UTA",55,9,1205,170,381,37,120,53,77,20,108,154,42,3,90,100,430,190,92,"Butler University",1990,"Kentucky"
"Skal Labissiere","SAC",33,12,612,117,218,3,8,52,74,51,111,27,16,13,37,64,289,211,102,"University of Kentucky",1996,"Haiti"
"Solomon Hill","NOP",80,71,2374,183,477,94,270,103,128,51,256,141,71,32,82,182,563,201,102,"University of Arizona",1991,"California"
"Spencer Dinwiddie","BRK",59,18,1334,134,302,38,101,126,159,27,137,185,44,23,66,119,432,198,90,"University of Colorado",1993,"California"
"Spencer Hawes","CHO",54,1,797,134,277,25,81,44,52,38,153,81,15,30,49,77,337,216,111,"University of Washington",1988,"Washington"
"Stanley Johnson","DET",77,1,1371,129,365,45,154,36,53,36,153,105,56,24,71,121,339,NA,NA,NA,NA,NA
"Stephen Curry","GSW",79,79,2638,675,1443,324,789,325,362,61,292,523,143,17,239,183,1999,190,86,"Davidson College",1988,"Ohio"
"Stephen Zimmerman","ORL",19,0,108,10,31,0,0,3,5,11,24,4,2,5,3,17,23,213,108,"University of Nevada, Las Vegas",1996,"Tennessee"
"Steve Novak","MIL",8,0,22,2,7,1,6,0,0,0,3,0,0,0,0,1,5,208,102,"Marquette University",1983,"Illinois"
"Steven Adams","OKC",80,80,2389,374,655,0,1,157,257,282,333,86,88,78,146,195,905,213,115,"University of Pittsburgh",1993,"New Zealand"
"T.J. McConnell","PHI",81,51,2133,236,512,11,55,73,90,39,212,534,134,10,159,139,556,208,108,NA,1994,NA
"T.J. Warren","PHO",66,59,2048,403,814,26,98,119,154,125,214,75,76,39,57,175,951,208,108,NA,1995,NA
"Taj Gibson","CHI",78,71,1989,365,709,3,13,113,158,158,328,73,42,66,105,163,846,206,102,"University of Southern California",1985,"New York"
"Tarik Black","LAL",67,16,1091,150,294,1,2,82,109,143,199,39,30,44,58,173,383,206,113,"University of Kansas",1991,"Tennessee"
"Taurean Waller-Prince","ATL",59,10,981,114,285,33,102,74,94,25,132,55,43,27,61,96,335,183,88,NA,1994,NA
"Terrence Jones","NOP",54,12,1270,231,491,19,75,103,170,65,241,58,40,54,48,67,584,206,114,"University of Kentucky",1992,"Oregon"
"Terrence Ross","TOR",78,24,1955,326,746,142,391,64,77,18,189,88,88,33,68,143,858,201,93,"University of Washington",1991,"Oregon"
"Terry Rozier","BOS",74,0,1263,151,411,57,179,51,66,40,187,131,45,11,47,69,410,188,86,"University of Louisville",1994,"Ohio"
"Thabo Sefolosha","ATL",62,42,1596,174,395,41,120,55,75,54,216,107,96,31,58,97,444,201,99,NA,1984,"Switzerland"
"Thaddeus Young","IND",74,74,2237,362,687,45,118,45,86,131,318,122,114,30,96,135,814,203,100,"Georgia Institute of Technology",1988,"Louisiana"
"Thomas Robinson","LAL",48,1,560,105,196,0,1,31,66,84,139,31,26,9,46,76,241,208,107,"University of Kansas",1991,"District of Columbia"
"Thon Maker","MIL",57,34,562,83,181,28,74,32,49,40,74,23,10,26,17,84,226,216,97,NA,1997,NA
"Tiago Splitter","PHI",8,0,76,14,31,2,6,9,11,8,14,4,1,1,6,8,39,211,111,NA,1985,"Brazil"
"Tim Frazier","NOP",65,35,1525,163,404,40,128,98,129,34,139,335,56,6,101,133,464,185,77,"Pennsylvania State University",1990,"Texas"
"Tim Hardaway","ATL",79,30,2154,415,912,149,417,164,214,35,189,182,55,15,106,103,1143,NA,NA,NA,NA,NA
"Tim Quarterman","POR",16,0,80,13,29,5,13,0,3,4,10,11,2,3,11,6,31,198,88,"Louisiana State University",1994,"Georgia"
"Timofey Mozgov","LAL",54,52,1104,169,328,0,1,63,78,104,160,43,16,31,72,133,401,216,124,NA,1986,"Russia"
"Timothe Luwawu-Cabarrot","PHI",69,19,1190,145,361,50,161,105,123,25,124,75,32,10,73,154,445,198,92,NA,1995,"France"
"Tobias Harris","DET",82,48,2567,511,1063,109,314,190,226,63,353,142,60,39,95,133,1321,NA,NA,NA,NA,NA
"Tomas Satoransky","WAS",57,3,719,61,146,9,37,23,33,25,58,92,26,6,38,60,154,201,95,NA,1991,"Czech Republic"
"Toney Douglas","MEM",24,0,394,43,117,7,42,24,29,13,48,56,18,5,21,50,117,188,88,"Florida State University",1986,"Georgia"
"Tony Allen","MEM",71,66,1914,274,595,15,54,80,130,166,225,98,115,29,100,178,643,193,96,"Oklahoma State University",1982,"Illinois"
"Tony Parker","SAS",63,63,1587,265,569,23,69,85,117,9,104,285,33,2,89,92,638,188,83,NA,1982,"Belgium"
"Tony Snell","MIL",80,80,2336,246,541,144,355,47,58,22,226,96,54,14,55,125,683,201,90,"University of New Mexico",1991,"California"
"Treveon Graham","CHO",27,1,189,19,40,9,15,10,15,5,17,6,6,1,3,18,57,198,99,"Virginia Commonwealth University",1993,"District of Columbia"
"Trevor Ariza","HOU",80,80,2773,326,798,191,555,93,126,54,405,175,147,20,74,133,936,203,97,"University of California, Los Angeles",1985,"Florida"
"Trevor Booker","BRK",71,43,1754,305,591,25,78,74,110,142,428,138,76,28,127,152,709,203,103,"Clemson University",1987,"South Carolina"
"Trey Burke","WAS",57,0,703,116,255,31,70,22,29,7,40,100,11,5,48,54,285,185,86,"University of Michigan",1992,"Ohio"
"Trey Lyles","UTA",71,4,1158,159,439,65,204,57,79,48,187,70,26,20,64,97,440,208,106,"University of Kentucky",1995,"Canada"
"Tristan Thompson","CLE",78,78,2336,262,437,0,3,106,213,287,429,77,39,84,64,176,630,206,107,"University of Texas at Austin",1991,"Canada"
"Troy Daniels","MEM",67,3,1183,185,495,138,355,43,54,21,79,46,21,4,45,90,551,193,92,"Virginia Commonwealth University",1991,"Virginia"
"Troy Williams","MEM",30,16,557,73,167,18,62,21,32,15,54,25,27,10,33,60,185,NA,NA,NA,NA,NA
"Ty Lawson","SAC",69,24,1732,237,522,34,118,173,217,44,135,335,74,6,129,119,681,180,88,"University of North Carolina",1987,"Maryland"
"Tyler Ennis","HOU",53,2,588,90,208,27,70,21,25,10,36,86,26,2,45,58,228,190,87,"Syracuse University",1994,"Canada"
"Tyler Johnson","MIA",73,0,2178,357,824,93,250,195,254,50,243,233,84,44,90,176,1002,193,84,"California State University, Fresno",1992,"North Dakota"
"Tyler Ulis","PHO",61,15,1123,184,437,21,79,55,71,20,75,226,48,5,77,73,444,178,68,"University of Kentucky",1996,"Michigan"
"Tyler Zeller","BOS",51,5,525,78,158,0,1,22,39,43,81,42,7,21,20,61,178,213,114,"University of North Carolina",1990,"California"
"Tyreke Evans","NOP",40,6,788,150,370,42,118,69,92,13,124,124,35,9,61,60,411,198,99,"University of Memphis",1989,"Pennsylvania"
"Tyson Chandler","PHO",47,46,1298,153,228,0,0,91,124,154,385,30,33,24,67,126,397,216,108,NA,1982,"California"
"Tyus Jones","MIN",60,0,774,75,181,26,73,33,43,10,57,156,47,5,38,50,209,188,88,"Duke University",1996,"Minnesota"
"Udonis Haslem","MIA",17,0,130,11,23,0,3,9,15,8,28,6,5,1,8,22,31,203,106,"University of Florida",1980,"Florida"
"Victor Oladipo","OKC",67,67,2222,412,932,127,352,116,154,39,252,176,78,21,119,155,1067,193,95,"Indiana University",1992,"Maryland"
"Vince Carter","MEM",73,15,1799,193,490,112,296,88,115,36,191,133,60,36,50,163,586,198,99,"University of North Carolina",1977,"Florida"
"Wade Baldwin","MEM",33,1,405,36,115,3,22,31,37,11,35,61,18,7,40,40,106,193,91,"Vanderbilt University",1996,"New Jersey"
"Wayne Ellington","MIA",62,13,1500,231,555,149,394,37,43,18,115,70,35,4,30,70,648,193,90,"University of North Carolina",1987,"Pennsylvania"
"Wayne Selden","MEM",14,5,236,25,58,7,28,14,22,1,15,13,6,1,12,18,71,196,104,"University of Kansas",1994,"Massachusetts"
"Wesley Johnson","LAC",68,3,810,73,200,29,118,11,17,26,155,23,29,30,18,83,186,201,97,"Syracuse University",1987,"Texas"
"Wesley Matthews","DAL",73,73,2495,333,847,174,479,146,179,18,241,210,77,16,102,161,986,NA,NA,NA,NA,NA
"Will Barton","DEN",60,19,1705,295,666,87,235,143,190,58,200,206,48,28,97,110,820,198,79,"University of Memphis",1991,"Maryland"
"Willie Cauley-Stein","SAC",75,21,1421,255,481,0,2,101,151,85,255,80,53,45,69,147,611,213,108,"University of Kentucky",1993,"Kansas"
"Willie Reed","MIA",71,5,1031,162,285,1,4,49,88,129,203,26,18,47,31,137,374,NA,NA,NA,NA,NA
"Willy Hernangomez","NYK",72,22,1324,246,465,4,15,91,125,170,332,96,41,36,100,150,587,211,108,NA,1994,"Spain"
"Wilson Chandler","DEN",71,33,2197,433,939,110,326,141,194,103,356,141,52,30,114,172,1117,203,102,"DePaul University",1987,"Michigan"
"Yogi Ferrell","DAL",46,29,1197,160,394,68,176,74,89,20,91,172,42,9,70,90,462,183,81,"Indiana University",1993,"Indiana"
"Zach LaVine","MIN",47,47,1749,326,710,120,310,117,140,18,141,139,41,10,85,104,889,196,85,"University of California, Los Angeles",1995,"Washington"
"Zach Randolph","MEM",73,5,1786,433,964,21,94,141,193,182,416,122,38,10,99,136,1028,206,117,"Michigan State University",1981,"Indiana"
"Zaza Pachulia","GSW",70,70,1268,164,307,0,2,98,126,140,270,132,59,33,88,166,426,211,122,NA,1984,"Georgia"
